"集数","作品ID","链接","发布时间","时长秒","点赞","评论","收藏","分享","收藏点赞比","分享点赞比","表现分层","标题描述","章节摘要","章节结构","数据来源","限制说明"
"1","7641876208291958051","https://www.douyin.com/video/7641876208291958051","2026-05-20 15:42:42","289.8","1952","20","951","337","48.72","17.26","D_3000以下","把有限的钱和时间要花在正确的人和事上 #社交 #人生必修课 #认知思维","社交投资思维是穷人和富人的分水岭，要学会关系定价权，选择能互相增值的人作为朋友。避免向下兼容式社交，把时间和精力投资在关键人物或自己身上，实现社交投资的复利效应。","引言：｜向下兼容式社交：向下兼容式社交是在缴纳高昂的情绪维稳费，会消耗大脑运转总容量，影响深度思考和事业发展。｜关系定价权：真正的顶级高手拥有关系定价权，他们会选择能互相增值的人作为朋友。｜弱者思维：弱者思维表现为在不重要的人身上投入过多，而在重要的人身上却很吝啬。｜社交投资的复利效应：社交投资的复利效应是指数级的，对所有人都好等于对所有人都不够好。｜价值冷冻仓：给自己的社交圈装上价值冷冻仓，把时间和精力投资在关键人物或自己身上。","抖音公开合集接口","章节摘要为平台自动生成，非完整逐字稿"
"2","7641622542096043299","https://www.douyin.com/video/7641622542096043299","2026-05-19 23:18:33","293.5","734","8","348","101","47.41","13.76","D_3000以下","大脑不追求幸福，只追求控制感 #思考 #内耗焦虑 #认知思维","大脑更追求控制感而非幸福，左脑的防御机制导致人们焦虑和疲惫。实际上，情绪的生理寿命只有90秒，我们可以通过激活右脑的全息感知区，夺回心智切换权，感受当下的纯粹喜悦，而不是被过去和未来的恐惧所束缚。","引言：大脑追求控制感，不在乎幸福，导致人们在追求和恐惧失去之间疲于奔命。｜左脑的防御机制：左脑逻辑回路是防御型司令部，会让人疲惫，因为它会把过去的失败和未来的担忧放大。｜情绪的生理寿命：情绪的生理寿命只有90秒，剩下的时间是自己在脑子里重播，导致痛苦延长。｜右脑的全息感知区：右脑的全息感知区能让人体验到最高级的幸福，即与万事万物相连的生命力。｜夺回心智切换权：夺回心智切换权，随时觉察自己的状态，调用右脑的全息感知区，感受当下。","抖音公开合集接口","章节摘要为平台自动生成，非完整逐字稿"
"3","7640860487919389978","https://www.douyin.com/video/7640860487919389978","2026-05-17 22:01:13","310.3","665","9","285","84","42.86","12.63","D_3000以下","为什么你的计划总是一拖再拖？因为你把决定权交给了情绪！ #认知觉醒 #交付 #行动力 #心理学  #思维认知","底线交付力是成功的关键，即在情绪低落、状态不佳时仍能完成任务。自我损耗会消耗意志力和大脑能量，导致拖延。曾国藩的“结硬寨，打呆仗”方法强调机械化执行，屏蔽不确定性。普通人应避免逃避现实，拿结果说话，用执行力拿回属于自己的结果。","引言：｜底线交付力：底线交付力是指在情绪崩溃、状态极差时，仍能交出合格结果。｜自我损耗：自我损耗是指人的意志力和大脑能量有限，容易在精神内耗中被消耗殆尽。｜曾国藩的智慧：曾国藩信奉“结硬寨，打呆仗”，强调机械化执行，屏蔽不确定性。｜对普通人的启示：普通人应避免逃避现实，心慈手软是奢侈品，拿结果说话才是底气。｜结语：","抖音公开合集接口","章节摘要为平台自动生成，非完整逐字稿"
"4","7640705928941161743","https://www.douyin.com/video/7640705928941161743","2026-05-17 12:01:29","308.6","44258","2059","23738","14492","53.64","32.74","B_1万-5万","反向的人性博弈才是取胜之道 ","华尔街顶级玩家强调心态在炒股中的重要性，他们认为心态是一套反人性防御机制。成功的交易者需要具备定力、谦卑和控制情绪的能力，敢于与时间做朋友，忍受长期孤独，只在有绝对把握时出手。这是一场终身博弈，需要克服人性中的急躁、幻想和自以为是。","引言：｜散户的急躁心态：散户在交易中容易急躁，追求及时反馈的刺激感。｜定力的重要性：真正成功的投资者需要具备定力，耐心等待市场犯错。｜避免达克效应：避免达克效应，保持谦卑，只在有把握时出手。｜控制情绪：控制情绪，关闭感性边缘系统，交由理性前额叶皮层接管。｜逆向的自我杀伐：成功的交易员需要逆向自我杀伐，克服人性弱点。","抖音公开合集接口","章节摘要为平台自动生成，非完整逐字稿"
"5","7640112676718333190","https://www.douyin.com/video/7640112676718333190","2026-05-15 21:39:23","247.6","666","10","274","113","41.14","16.97","D_3000以下","月营业额 10w 的小店，实际能赚到的会「让人瞠目结舌」 #开店 #实体行业 #真相 #认知思维","月营业额10万的小店实际利润可能并不高，因为房东和外卖平台会分走很大一部分。创业者应计算租金占比和综合负重，确保盈利空间。避免盲目追求高营业额，要关注实际利润，以实现创业目标。","引言：｜利润截胡陷阱：很多初次创业的人只看营业额，实际上是在为房东和平台打工。｜房东：房东会在生意好时提高租金，吸走增量价值。｜外卖平台：外卖平台抽佣高，导致综合成本高，亏钱速度快。｜避坑建议：计算租金占比和综合负重，避免成为别人的筹码。","抖音公开合集接口","章节摘要为平台自动生成，非完整逐字稿"
"6","7639726333802679590","https://www.douyin.com/video/7639726333802679590","2026-05-14 20:40:15","348.9","36267","1090","9351","14839","25.78","40.92","B_1万-5万","《以日为鉴》这本书，真心建议大家认真看看 #考公 #认知思维 #书本里的知识","日本的历史表明，当所有人都追求绝对稳定时，可能会陷入危险。羊群安全错觉导致人们盲目追求体制内工作，但随着经济变化，体制内工作不再具有吸引力。学历通胀反噬使得高学历者就业困难。破局方法是跳出存量市场，寻找增量，如出海新兴市场。","引言：｜羊群安全错觉：人类面对未知焦虑时，会认为人多的地方更安全，形成羊群安全错觉。｜铁饭碗的真相：经济繁荣时，体制内工资低，被鄙视；经济泡沫破裂后，体制内成为避风港，吸引大量年轻人，但很快失去吸引力。｜学历通胀反噬：学历通胀反噬，高学历者就业难，成为主流职场门外汉。｜破局方法：跳出存量市场，寻找增量，如出海新兴市场。｜结语：","抖音公开合集接口","章节摘要为平台自动生成，非完整逐字稿"
"7","7639313715996691762","https://www.douyin.com/video/7639313715996691762","2026-05-13 17:58:55","278.5","70407","2074","15546","28361","22.08","40.28","A_5万-10万","财富不看智商，只看这一件事 #财富 #财富自由 #思维认知 #个人成长","从人类肉体对物质享受的吸收能力有限这一角度出发，揭示了高消费带来的快乐差距不大的真相。同时，引入了享乐跑步机效应，指出人们往往为了维持高消费而陷入压力和焦虑。最后，强调了绝对生活主权的重要性，即拥有足够的现金储备和掌控自己的时间，而不是盲目追求更高的物质享受。","引言：｜物质享受的极限：人类肉体对物质享受的吸收能力有限，高消费带来的快乐差距不大。｜享乐跑步机效应：享乐跑步机效应导致人们不断追求更高消费，以维持兴奋感，但实际上是一种惩罚。｜绝对生活主权：绝对生活主权意味着无债一身轻，拥有足够的现金储备，能够掌控自己的时间。｜结语：避免消费升级陷阱，珍惜健康和家庭时光，掌控自己的时间，成为真正的赢家。","抖音公开合集接口","章节摘要为平台自动生成，非完整逐字稿"
"8","7638975546461785384","https://www.douyin.com/video/7638975546461785384","2026-05-12 20:06:40","293.4","4425","36","1802","470","40.72","10.62","C_3000-1万","什么是弱者着相，强者破相，智者无相？ #认知觉醒 #道家 #人生智慧 #开悟 #天道","弱者着相、强者破相、智者无相是人生的三个境界。弱者把表象当成本质，被情绪左右；强者看透表象背后的规律，追求核心目标；智者则超越输赢和规律，达到本自具足的圆满状态。人生是一个不断破相、抵达无相的过程，放下执念，守住本心，才能获得更大的自由。","引言：｜弱者着相：把表象当成本质，把执念当成底线，把外界的评价当成自我的标尺，最终沦为情绪的奴隶。｜强者破相：看透表象背后的客观规律，并且为我所用，不困于当下的情绪，不至于眼前的得失，永远只聚焦在核心目标上。｜智者无相：连我要赢，我要遵守规律的那个念头，都彻底消散了，心里连一根钩子都没有，世间的繁杂自然也就挂不住你。｜结语：人生是一个不断破相，最终抵达无相的过程，放下执念，守住本心，获得自由。","抖音公开合集接口","章节摘要为平台自动生成，非完整逐字稿"
"9","7638664477021326643","https://www.douyin.com/video/7638664477021326643","2026-05-11 23:59:37","285.1","2545","114","1033","167","40.59","6.56","D_3000以下","天赋是可以练出来的，尝试用左手做你擅长的所有事 #认知觉醒 #人生感悟 #本质 #经验分享","天赋并非天生，而是可以通过训练培养的。尝试用左手做你擅长的事情，如吃饭、刷牙等，这是一种神经逆练，可以帮助你打破天赋迷信，拓宽认知边界。通过这种方法，你可以激发大脑的潜能，提高思维灵活性，从而在面对挑战时更有信心和能力。","引言：｜天赋的真相：很多人认为自己没天赋是因为大脑在偷懒，控制右手的左半脑经过高频使用，神经元之间的连接已经变成了一条8车道的高速公路，而控制左手的右半脑则是一片长满荒草的无人区。｜神经逆练：神经逆练是故意制造阻力，强行征用最不习惯的感官和肢体，去倒逼大脑开辟新的通路。｜认知跨界溢出：神经逆练带来的最可怕的红利叫做认知跨界溢出，改变的不仅是手的灵活度，还有整个思维路径。｜打破天赋论：99%的人被天赋论深度洗脑，大脑天生是趋利避害的节能机器，会释放出焦虑烦躁的情绪，试图把你拉回舒适区。｜结语：从今天开始把一切理所当然的动作反过来，拥抱不协调，享受不适感，你会发现你的极限远比你想象的要深邃的多。","抖音公开合集接口","章节摘要为平台自动生成，非完整逐字稿"
"10","7638280761396710682","https://www.douyin.com/video/7638280761396710682","2026-05-10 23:10:36","260","153","6","57","75","37.25","49.02","D_3000以下","被刻意隐藏的审美真相，全景式病态陷阱 #女性 #女性成长 #认知觉醒 #思维认知","女性审美被资本和消费主义操纵，追求病态的瘦和弱，以牺牲健康和生命力为代价。这种现象被称为生命力质押，女性应执行审美脱钩程序，追求健康、有生命力的美，而非迎合他人的凝视。","引言：教科书认为缠足是为了把女人锁在家里，依附男人。｜缠足的真相：缠足是对女性身体的物理私有化改造，目的是把女人驯化成工具。｜生命力质押：少女感身材以疯狂损耗基础生命力为代价，是生命力质押。｜全景式监狱：女孩追求的是被评价体系接纳，这是全景式监狱。｜审美脱钩：执行审美脱钩程序，问自己是否会为了取悦自己忍受痛苦。｜结语：真正高级的美是健康、有生命力，不浪费精力在迎合别人的凝视上。","抖音公开合集接口","章节摘要为平台自动生成，非完整逐字稿"
"11","7637924826572705065","https://www.douyin.com/video/7637924826572705065","2026-05-10 00:09:36","247.9","353","5","126","62","35.69","17.56","D_3000以下","赚钱的模式，在这个世界上只有四种，你是哪一种 #思维认知 #人性弱点 #增加认知",,"：","抖音公开合集接口","平台未返回章节摘要，需逐字稿"
"12","7637487731915918598","https://www.douyin.com/video/7637487731915918598","2026-05-08 19:53:12","244.7","195","4","83","82","42.56","42.05","D_3000以下","富裕家庭向下托举 贫穷家庭向上回报 无德养愚孝 愚孝出恶老#思维认知 #人性大实话 #共鸣","普通家庭应以下一代为核心经营家庭，避免家庭资源逆向消耗和话语权错位。真正的孝道是为老人提供更好的生活，而非顺从他们的落后观念。普通家庭要向上突破，需投资下一代教育和中间力量认知破圈，摆脱旧道德绑架。","引言：普通家庭应以年轻一代为核心经营家庭，而非以老人为核心。｜家庭资源的逆向消耗：普通家庭资源有限，满足老人执念会导致家庭资源逆向消耗。｜话语权的极度错位：老人认知过时，话语权错位会扼杀年轻人的前途。｜代际内耗：以老人为核心的运转模式会引发代际内耗，导致家庭陷入泥潭。｜真正的孝道：孝顺不等于顺从，真正的孝道是为老人提供更好的生活。｜结语：普通家庭应投资下一代教育和中间力量认知破圈，摆脱旧道德绑架。","抖音公开合集接口","章节摘要为平台自动生成，非完整逐字稿"
"13","7642220065483492643","https://www.douyin.com/video/7642220065483492643","2026-05-21 13:57:05","276.1","217","2","97","27","44.7","12.44","D_3000以下","为什么说只要开始“输出”，你的人生效率就能暴涨十倍？ #认知思维 #认知 #输出 #博主","认知型口播博主是普通人的破局点，因为认知创作能让人飞速迭代，输出倒逼输入，提高思维能力。自媒体账号是个人的全息数字名片，能展示真实的自我，吸引高粘性粉丝。通过分享知识和经验，普通人可以积累社会资本，开启人生的十倍速模式。","引言：｜认知创作让人飞速迭代：认知创作能让人飞速迭代，好的工作应自带杠杆，做认知输出是为人生打造思维复利引擎。｜输出倒逼输入：输出倒逼输入，把深度思考与流量、个人IP挂钩，激发求知欲。｜拥有全息数字名片：自媒体账号是大脑操作系统的全息投影，具有降维说服力。｜认知赛道的粉丝粘性：认知赛道粉丝粘性高，建立在价值观认同上的信任资产是坚实底盘。｜结语：普通人应开辟输出阵地，记录成长，分享顿悟，用创作者的生命轨迹验证生存法则。","抖音公开合集接口","章节摘要为平台自动生成，非完整逐字稿"
"14","7642250423872638223","https://www.douyin.com/video/7642250423872638223","2026-05-21 15:54:52","335.1","214","2","105","23","49.07","10.75","D_3000以下","如何找到你真正想做的事情？找到你热爱的事情，不亚于找到你自己 #抖音精选 #看优质好内容就来抖音精选 #天赋 #认知思维","如何找到真正想做的事情？通过人生北极星模型，即喜欢的事情、擅长的事情和重要的事情的交集。首先，明确真正的喜欢是求知饥渴，而非表面的娱乐；其次，发现自己的出场设置，即天生的能力；最后，确定重要的事情，即终极价值观。通过这些步骤，找到那个唯一共通的交集，就是你真正想做的事情。","引言：｜人生北极星模型：人生北极星模型，核心是喜欢的事情、擅长的事情和重要的事情的交集。｜喜欢的事情：真正的喜欢是求知饥渴，是内心的驱动力。｜擅长的事情：擅长的事情是天生的出场设置，是不依赖后天学习的直觉和能力。｜重要的事情：重要的事情是终极价值观，是你想过的生活。｜实践步骤：通过价值观、出场设置和求知饥渴三个方面，找到真正想做的事情。｜结语：","抖音公开合集接口","章节摘要为平台自动生成，非完整逐字稿"
"15","7642692521780464936","https://www.douyin.com/video/7642692521780464936","2026-05-22 20:30:36","232.7","1962","37","737","1921","37.56","97.91","D_3000以下","为什么外部的“善意提醒”，是婚姻最大的杀手？ #独立思考 #婚姻 #关键对话 #心理学 #认知思维","外部的“善意提醒”可能成为婚姻的杀手，因为它们往往带来不确定性，导致夫妻在消化这些信息时浪费时间。为了避免这种情况，夫妻应建立沟通边界，只在两人之间讨论重要决策，避免卷入过多非利益相关方的意见。这样做有助于保持感情稳定，共同承担风险。","引言：｜案例分享：同事夫妻因外部意见导致错过商铺投资机会，损失两周时间。｜信息与情绪的区分：要区分信息和情绪，信息值得核实，情绪则毫无价值。｜非利益相关方的影响：家庭重大决策被推迟或搁置的首要原因是卷入过多非利益相关方。｜建立沟通的边界：建立沟通边界，只在两人之间讨论重要决策，避免外部声音干扰。｜结语：守住关系是现实的，只有双方共同承担风险，感情才会更好。","抖音公开合集接口","章节摘要为平台自动生成，非完整逐字稿"
"16","7643072492197727503","https://www.douyin.com/video/7643072492197727503","2026-05-23 21:05:06","307.1","173","3","67","40","38.73","23.12","D_3000以下","到底攒多少钱可以不上班 ","攒多少钱可以不上班？这是一个因人而异的问题。通过计算每年的生活成本，除以稳健的投资收益率，可以得出所需的本金。然而，人们往往会因为目标膨胀而不断提高标准。要避免这种情况，需要固定支出锚点，明确真实的生活成本。这样，才能更接近财务自由的目标。","引言：｜目标膨胀：目标膨胀是一种心理机制，每次接近终点线，终点线就会自动往前移。｜算出所需本金：不上班需要持续覆盖支出的现金流，通过每年支出除以稳健投资收益率可算出所需本金。｜固定支出锚点：固定支出锚点，避免目标永远是移动靶。｜案例分享：锁定支出锚点后，内心安全感提升，有了离开的底气。｜避免走偏：避免走偏的三个坑：降低欲望、停止积累收益能力、混淆有选择权和彻底躺平。｜结语：认真算出真实年度支出，除以0.05，可确定不上班所需的本金。","抖音公开合集接口","章节摘要为平台自动生成，非完整逐字稿"
"17","7643434162665442575","https://www.douyin.com/video/7643434162665442575","2026-05-24 20:28:31","292.2","141","2","55","23","39.01","16.31","D_3000以下","为什么最赚钱的生意，表面看起来都不赚钱？ #赚钱 #认知思维","宜家、苹果和吉列这三家成功的企业都采用了类似的商业模式，即通过提供低价或免费的产品吸引顾客，然后在后续的服务或产品上实现盈利。他们的核心逻辑在于延长顾客停留时间、提高迁移成本和培养消费习惯，从而实现长期稳定的利润。","引言：宜家甜筒不赚钱，但能让人多待20分钟，从而增加消费。｜宜家：宜家餐厅定价低，建立信任，降低决策门槛，让顾客多停留，增加消费。｜苹果：苹果手机毛利率高，但服务业务更赚钱，通过设备互联加深用户离开成本。｜吉列：吉列通过低价刀架和高价刀片，培养用户习惯，实现持续盈利。｜结语：宜家、苹果、吉列都将赚钱节点放在时间、迁移成本和习惯里，而非产品本身。","抖音公开合集接口","章节摘要为平台自动生成，非完整逐字稿"
"18","7643833205165968680","https://www.douyin.com/video/7643833205165968680","2026-05-25 22:17:00","308.5","15044","290","4392","1636","29.19","10.87","B_1万-5万","为什么范家能富过九百年？ ","范仲淹设立的义庄资产历经九百年，躲过多次战乱，其财富系统包括资产隔离、救急不救穷、严密制衡和选择底线守门人。范家的智慧在于坚守规矩，避免贪婪和冒险，确保财富的长期稳定。","引言：范仲淹设立义庄，资产历经九百年，躲过多次战乱，其财富系统剖析了财富焦虑。｜资产隔离：设立资产隔离墙，确保本金安全，避免系统性崩盘。｜救急不救穷：救急不救穷，避免制造斯金纳箱里的老鼠，防止家族血崩。｜严密的制衡锁：设计严密制衡锁，防止监守自盗，确保资金安全。｜底线守门人：选择底线守门人，而非聪明人，确保财富传承。｜结语：范家财富源于敬畏常识、恪守底线，金钱奖励敬畏常识、恪守底线的人。","抖音公开合集接口","章节摘要为平台自动生成，非完整逐字稿"
"19","7644195046853578036","https://www.douyin.com/video/7644195046853578036","2026-05-26 21:41:02","237.4","570","13","197","54","34.56","9.47","D_3000以下","为什么再完美的制度，也防不住钻空子？ #北宋 #历史故事 #如果说","北宋的监管制度虽然完美，但由于官员不足无法执行，实际靠摊贩自觉。这种“良币压舱”效应在现代社会仍然重要。然而，随着底层结构变化，老实人变少，系统开始出问题。一个健康的生态应该是天然的筛子，让老实人得到回报，而投机取巧者受到惩罚。在选择公司、行业或合伙人时，观察老实人的现状是一个重要的判断标准。","北宋的监管制度：北宋监管制度完美，但因官员不足无法执行，实际靠摊贩自觉。｜良币压舱效应：系统正常运转靠老实人，即""良币压舱""效应。｜底层结构的变化：底层结构变化，老实人变少，导致系统出问题。｜柠檬市场理论：柠檬市场理论解释了系统崩溃的原因。｜系统的稳定性：系统稳定性取决于老实人数量，健康生态应是天然筛子。｜判断标准：选择公司、行业或合伙人时，观察老实人现状。","抖音公开合集接口","章节摘要为平台自动生成，非完整逐字稿"
"20","7644578524879129899","https://www.douyin.com/video/7644578524879129899","2026-05-27 22:29:14","358","1022","21","391","150","38.26","14.68","D_3000以下","两千年前老话，点透职场生存法则 ","两千年前的桑弘羊提出“富在术数，不在劳身”，揭示了职场生存法则。他认为，赚钱与努力程度无关，而在于掌握资源和信息差。现代职场中，应避免成为只会执行的劳身者，而是要成为能调动资源的术数者。同时，采用杠铃策略，将体制内工作作为安全底仓，利用业余时间拓展高风险高收益的进攻端，才能在这个时代获得成功。","引言：｜劳身与术数：桑弘羊认为人分为劳神和术数两种，劳神者靠出卖体力和时间换钱，术数者靠脑子调动资源赚钱。｜红皇后假说：红皇后假说指出，只靠出卖时间竞争会陷入红皇后陷阱，资源和信息差更具价值。｜从劳身到术数：普通人应关注刚需行业，如盐铁行业，或成为公司的核心环节，提高议价权。｜杠铃策略：采用杠铃策略，将体制内工作作为安全底仓，利用业余时间拓展高风险高收益的进攻端。｜结语：世界奖励有策略的人，要积累术数和盐铁，看清牌桌再下注。","抖音公开合集接口","章节摘要为平台自动生成，非完整逐字稿"
"21","7644889050234506538","https://www.douyin.com/video/7644889050234506538","2026-05-28 18:34:06","334.4","483","7","199","78","41.2","16.15","D_3000以下","为什么我劝你先拿两百块去试水？ #赚钱思维 #认知思维","通过200元的小成本尝试，可以验证生意的可行性。建军通过在小区群卖饭，得到了真实的市场反馈，从而决定下一步行动。白圭的原则强调乐观时变，不压市场，只盯着市场正在怎么走。在决定投资前，先进行小成本验证，了解市场需求、客群喜好和菜单配比，避免盲目投资。","引言：｜建军的经历：建军用200元食材在小区群卖饭，收到陌生人的订单，验证了市场需求。｜白圭的原则：白圭的原则是乐观时变，不压市场，只盯着市场正在怎么走。｜验证的重要性：验证的重要性在于避免盲目投资，真正有用的验证是陌生人愿意付钱。｜验证的方法：通过小成本验证，了解市场需求、客群喜好和菜单配比。｜结语：","抖音公开合集接口","章节摘要为平台自动生成，非完整逐字稿"
"22","7645207502186908947","https://www.douyin.com/video/7645207502186908947","2026-05-29 15:09:49","272.9","1561","33","526","230","33.7","14.73","D_3000以下","为什么说第一个10万块，是你拉开阶层差距的分水岭？ #财富 #认知思维 #存钱 #复利思维 #如果说","存折里的第一个10万块是拉开阶层差距的分水岭。很多人在攒够这笔钱后会陷入狄德罗效应，用它来满足虚荣，而真正聪明的人会将其视为投资的起点，让钱生钱。守住这第一个10万，学会克制欲望，让钱为你工作，才能逐渐实现财富自由。","引言：｜狄德罗效应：狄德罗效应指出，人们会为了匹配新的物品而不断消费，导致财富流失。｜案例分析：大伟用10万消费，老陈用10万投资，最终老陈在经济危机中更有底气。｜结语：","抖音公开合集接口","章节摘要为平台自动生成，非完整逐字稿"
"23","7645652035567750436","https://www.douyin.com/video/7645652035567750436","2026-05-30 19:54:58","262.8","24834","2811","7598","3094","30.6","12.46","B_1万-5万","你的长相，本就是为人生任务量身定做的 #相由心生 #认知提升 #停止内耗 #容貌焦虑","长相与人生任务之间存在着科学规律，一个人的面部特征可以反映出他的性格和命运。然而，许多人试图通过整容改变面相，却陷入了自我消耗的陷阱。真正的好面相并非完美比例或单一审美，而是岁月和经历塑造的生存武器。接纳自己的脸，发挥其优势，才能更好地完成人生任务。","引言：｜脸与人生任务的适配：脸与人生任务是极致适配的，比如颧骨微凸、下颌线凌厉的人更适合做高管。｜自我消耗陷阱：改变面相会导致心理状态和别人对待你的方式发生改变，从而陷入自我消耗陷阱。｜利用出场设置识别人心：通过观察一个人的脸是否有割裂感，可以快速识别人心，避免人际交往中的暗坑。｜好面相的真正含义：好面相是岁月和经历打造的生存武器，接纳自己的脸，用好人生剧本，就是最高级的清醒。","抖音公开合集接口","章节摘要为平台自动生成，非完整逐字稿"
"24","7645942254057688326","https://www.douyin.com/video/7645942254057688326","2026-05-31 14:41:02","247.2","10697","181","3606","1701","33.71","15.9","B_1万-5万","南方家族持续赚钱，北方家族容易散财，差距到底在哪 #商业认知","南方家族在财富延续方面表现出色，而北方家族容易散财，原因在于两者对财富的理解、关系网的搭建和传承方式不同。南方家族更注重现金流、利益结构和培养商业能力，而北方家族往往更注重资产、人情关系和体制内工作。时代变化后，抗风险能力和真实的生存能力成为关键。","引言：｜对财富的理解：北方老板注重资产，南方老板注重现金流，现金流比资产更重要。｜关系网的本质差异：北方关系网靠情义，南方关系网靠利益结构，利益共同体更具韧性。｜传承的差异：北方家族注重体制内工作，南方家族注重培养商业能力，传承认知和能力比钱更重要。｜结语：","抖音公开合集接口","章节摘要为平台自动生成，非完整逐字稿"
"25","7646373169162472767","https://www.douyin.com/video/7646373169162472767","2026-06-01 18:33:13","381.1","734","23","292","159","39.78","21.66","D_3000以下","利弗莫尔：永远不要让盈利变成你卖出的理由 #卖飞 #处置效应 #如果说","利弗莫尔认为，永远不要让盈利变成卖出的理由。他指出，人们往往在盈利时更容易卖出股票，而在亏损时却更愿意持有。这种现象被称为“处置效应”，是由大脑的本能反应和情绪驱动的。为了避免卖飞，投资者应该关注买入时的判断是否仍然成立，而不是仅仅因为盈利而卖出。通过等待一晚再做决定，可以让理性有机会重新上线，从而做出更明智的决策。","引言：朋友因卖出盈利股票而后悔，这种感觉很多人都有。｜处置效应：理查德·塞勒研究发现，人卖出盈利股票的速度是卖出亏损股票速度的两倍，这被称为""处置效应""。｜大脑的两套系统：丹尼尔·卡尼曼解释了大脑的两套系统，系统一靠直觉，系统二靠理性，卖飞是因为系统一战胜了系统二。｜如何判断卖出时机：利弗莫尔和赛思克拉曼认为，卖出的唯一理由是当初买入的判断是否成立，与盈利多少无关。｜实用的卖出方法：通过问自己是否会重新买入，以及等待一晚再做决定，可以过滤掉冲动操作。｜结语：卖飞是大脑的出场设置导致的，知道这一点后，下次可以多停一秒，问问自己是想卖还是恐惧想卖。","抖音公开合集接口","章节摘要为平台自动生成，非完整逐字稿"
"26","7647138694075321610","https://www.douyin.com/video/7647138694075321610","2026-06-03 20:03:55","358.6","146714","1015","66950","20107","45.63","13.7","S_10万+","纳瓦尔·拉维坎特：不要去管别人，只管早睡、运动和读书！ #早睡 #运动 #阅读 #如果说","纳瓦尔·拉维坎特认为，我们应该关注自己，通过早睡、运动和读书来提升自己。早睡可以清理大脑垃圾，改善情绪和判断力；运动可以释放内啡肽，提高自我效能感；读书可以让人有自己的想法和判断。这三件事虽然简单，但持续做下去会产生行为复利，让人变得更稳，不再需要靠别人来确认自己。","引言：｜注意力漏损：人的心理能量有限，注意力长期往外流会导致自己变得空虚，纳瓦尔认为早睡、运动、读书可以解决这个问题。｜早睡：早睡可以清理大脑垃圾，改善情绪和判断力，避免深夜刷手机导致的精神内耗。｜运动：运动可以释放内啡肽，改善情绪稳定，提高自我效能感，让人在生活中更有掌控感。｜读书：读书可以让人有自己的想法和判断，避免被别人的想法和评论影响情绪。｜结语：早睡、运动、读书持续做会产生行为复利，让人变得更稳，不再需要靠别人来确认自己。","抖音公开合集接口","章节摘要为平台自动生成，非完整逐字稿"
"27","7647472332063264054","https://www.douyin.com/video/7647472332063264054","2026-06-04 17:38:32","321.6","1247","8","433","136","34.72","10.91","D_3000以下","为什么聪明的老板，都在“战略性缩水”？ #经商之道 #商业思维 #财富认知","聪明的老板会选择“战略性缩水”，以避免规模扩张带来的陷阱。他们专注于核心业务，提高利润率，降低试错成本和调头速度。避免虚荣补偿、攀附人脉、依赖政策补贴和自建厂房，而是依靠自身实力和灵活性在市场中生存。这种清醒的自救能力比追求规模更重要。","引言：｜规模扩张的陷阱：规模扩张会导致认知负荷溢出，判断力和决策质量下降，老板从猎人变成救火队长。｜虚荣补偿：虚荣补偿会导致企业陷入现金流危机，客户更在意产品和服务质量，而非门面。｜攀附人脉：攀附人脉无法获得真正的资源，企业应打磨产品和服务，沉淀真实口碑。｜依赖政策补贴：依赖政策补贴会导致企业失去自主生存能力，应像狼一样靠捕猎生存。｜自建厂房：自建厂房会导致资金链断裂，应尽量租赁厂房，保持灵活性。｜聚焦核心业务：聚焦核心业务，做出壁垒，提高利润率，降低试错成本和调头速度。｜结语：战略性缩水是一种自救能力，保持灵活性和现金充足，比做大老板更重要。","抖音公开合集接口","章节摘要为平台自动生成，非完整逐字稿"
"28","7647897900562861366","https://www.douyin.com/video/7647897900562861366","2026-06-05 21:10:00","252.6","982","10","542","102","55.19","10.39","D_3000以下","人一旦有了体系，做什么都会成功！ #体系 #认知升级 #体系","人一旦有了体系，做什么都会成功。体系的核心作用是做减法，避免知识碎片过多导致判断力下降。建立体系需要停下来，筛选真正有用的知识，回答三个问题，逼自己做取舍。有体系的人积累是叠加的，没有体系的人积累是平的，每次都是原地起跑。","引言：｜体系的核心作用：体系的核心作用是做减法，避免知识碎片过多导致判断力下降。｜体系的运作方式：体系的运作方式是不断拿新信息来碰撞修正升级，而不是存储信息。｜仓库型学习：仓库型学习是在帮别人整理仓库，没有真正学到东西，只是原地踏步。｜体系的样子：体系像一张网，知识之间的碰撞决定能否用出来，有体系的人积累是叠加的。｜如何建立体系：建立体系需要停下来，筛选真正有用的知识，回答三个问题，逼自己做取舍。","抖音公开合集接口","章节摘要为平台自动生成，非完整逐字稿"
"29","7648251421615246611","https://www.douyin.com/video/7648251421615246611","2026-06-06 20:02:03","302.6","6082","101","3321","453","54.6","7.45","C_3000-1万","为什么你的电脑，还没成为你的内部操作系统？ ","电脑是强大的生产力工具，但很多人仅用它来娱乐。要充分利用电脑，需改变信息消费方式，主动学习系统性知识，公开写作以提高理解和积累人脉。每天一小时的有效投入，坚持一年可带来巨大改变。","引言：｜电脑的价值：电脑是强大的生产力工具，获取知识无门槛，关键在于如何使用。｜复利效应：复利效应影响认知，持续学习会改变思维模式。｜信息消费方式：改变信息消费方式，主动产出内容，提高信息吸收效率。｜主动学习：学习系统性知识，如基础统计学，提升思维框架。｜公开写作：公开写作，提高内容质量，积累人脉。｜结语：不需要换电脑或花钱买课，每天一小时，坚持一年可改变命运。","抖音公开合集接口","章节摘要为平台自动生成，非完整逐字稿"
"30","7648608700575288619","https://www.douyin.com/video/7648608700575288619","2026-06-07 19:08:20","332.1","3858","55","1879","600","48.7","15.55","C_3000-1万","人到中年，学会做减法，不碰三局，不信三话，不帮三人 #资治通鉴 #人性真相 #如果说","人到中年，应学会做减法，避免碰三局、不信三话、不帮三人。避免参与超出认知的赌局、无效社交局和婚外情局；不信好好干赚了钱大家分、酒桌上的承诺和闲言碎语；不帮理所当然的人、无兜底能力的人和抱怨声大行动力为零的人。珍惜时间、精力和善意，陪伴家人，做真正想做的事。","引言：｜不碰的三局：不碰超出认知的赌局、无效社交局、婚外情局。｜不信的三话：不信好好干赚了钱大家分、酒桌上的承诺、闲言碎语。｜不帮的三人：不帮理所当然的人、无兜底能力的人、抱怨声大行动力为零的人。｜结语：","抖音公开合集接口","章节摘要为平台自动生成，非完整逐字稿"
"31","7648992848871722259","https://www.douyin.com/video/7648992848871722259","2026-06-08 19:58:56","318.7","226724","715","90756","20283","40.03","8.95","S_10万+","人生最大的陷阱，往往不是无路可走，而是见路就走。 #见路不走 #认知思考 #如果说","“见路不走”强调在面对他人的成功经验时，不要盲目跟从，而是要深入思考背后的原因和条件。成功的道路并非唯一，每个人都有自己独特的条件和机会。通过分析成功案例的原因，我们可以更好地理解自己的优势和劣势，从而找到适合自己的道路。","引言：｜什么是路：路是别人走过的方法、经验和答案，但成功的条件因人而异。｜见路不走的含义：见路不走是指看到别人的结果后，先问原因，找到成功的条件。｜普通人的练习方法：普通人可以通过分析成功案例的原因，判断是否适合自己。｜区分规律和表现形式：学会区分规律和规律的表现形式，避免陷入执念。｜心态的重要性：见路不走需要克服大脑走捷径的本能，保持耐心和思考。｜结语：见路不走是一种思维方式，需要在决策前多思考原因和条件。","抖音公开合集接口","章节摘要为平台自动生成，非完整逐字稿"
"32","7649314280830979391","https://www.douyin.com/video/7649314280830979391","2026-06-09 16:46:13","285.4","22496","430","16358","8013","72.72","35.62","B_1万-5万","原来重复到极致就是天赋，真是太强大了！突然就开窍了 #重复 #天赋 #认知 #如果说","重复到极致就是天赋，这是因为重复可以加深记忆、提高技能、培养本能。通过过度学习和不断重复，我们可以将知识和技能从有意识的行为转化为无意识的反应，从而达到更高的水平。这种重复并非浪费时间，而是在为我们的大脑和身体进行升级。只要坚持下去，我们就能在某个时刻突然开窍，发现自己的潜力。","引言：｜过度学习：心理学上的“过度学习”实验表明，重复可以加深记忆。｜重复的力量：作者通过练吉他和做菜的经历，说明重复可以将技术转化为本能。｜髓鞘化：重复可以使神经纤维外面的绝缘层变厚，信号传输更快更稳定。｜重复的突破点：重复过程中会有一个突破点，只要坚持，就会迎来成功。｜重复的极致：重复到极致，事情会自动发生，看起来像天赋，实际上是大量重复的结果。","抖音公开合集接口","章节摘要为平台自动生成，非完整逐字稿"
"33","7649729653048888612","https://www.douyin.com/video/7649729653048888612","2026-06-10 19:38:09","266.6","147165","849","56643","16185","38.49","11","S_10万+","为什么你越想证明什么，恰恰说明你内心在那里最空？ #反者道之动 #道德经 #认知 #如果说","《道德经》中的智慧告诉我们，人们往往会在内心匮乏的地方表现出过度的行为，这被称为""过度补偿""。真正有效的方式是""守弱""，不硬顶不死磕，用时间换空间，用韧性换结果。在现实生活中，我们应该避免执着于某一个身份、关系或执念，而是要学会灵活和包容，给自己留有余地。","引言：｜过度补偿：人们在某个地方感到匮乏时，会在行为上朝反方向使劲，试图用外在的强硬来盖住内在的虚弱，这就是""过度补偿""。｜守弱：老子认为真正有效的方式是""守弱""，不硬顶不死磕，用时间换空间，用韧性换结果。｜现实规律：现实中，那些不声不响但关键时刻能扛住的人更能长久，因为他们更能弯，而不是更硬。｜结语：一个人外在呈现出来的过度的东西，往往就是他内心真正缺口的位置。","抖音公开合集接口","章节摘要为平台自动生成，非完整逐字稿"
"34","7650089773134138650","https://www.douyin.com/video/7650089773134138650","2026-06-11 18:55:35","354.6","35254","770","13747","5180","38.99","14.69","B_1万-5万","身弱之人越拼越穷？记住：先求印，再求财！ #求印不求财 #身弱 #如果说","身弱之人应先求印再求财，提高自身承载力，包括身体、认知和情绪层面。通过养生、定认知、修心，提高判断准确性，吸引财富。范蠡的故事表明，先让自己退到轻盈状态，再重新出发，才能端坐纳财。","引言：身弱之人求印不求财，与命理无关，与状态有关。｜身弱的表现：身弱之人心理状态易焦虑，做事三分钟热度，欲望大但落地难。｜范蠡的故事：范蠡辅佐勾践后离开，先积累再聚财，三聚三散，值得学习。｜补印的重要性：先补印，再担财，提高承载力，包括身体、认知和情绪层面。｜身弱之人的做法：身弱之人应靠养不靠拼，停止消耗，清理信息垃圾，管住情绪。｜结语：先养生、定认知、修心，再自然来财，颠倒顺序会导致越忙越穷。","抖音公开合集接口","章节摘要为平台自动生成，非完整逐字稿"
"35","7650451125698710811","https://www.douyin.com/video/7650451125698710811","2026-06-12 18:17:46","319.4","191412","3827","47644","37972","24.89","19.84","S_10万+","为什么对孩子最好的“托举”，在鲁迅眼里其实也算不上恩？ #鲁迅先生 #家庭 #亲情 #如果说","鲁迅认为生养和托举都不算恩，因为“恩”字会毁掉亲情。他提出真正的爱是放孩子到宽阔光明的地方去，而不是把孩子拽回来。“隐形家庭账本”会导致家人之间互相对账、索偿，孩子会产生愧疚感。要区分爱与控制，可以观察自己在父母面前的状态。真正的孝顺是一个心理健康、情感完整的孩子，而不是一个把自己压成空心的人。","引言：｜鲁迅的观点：鲁迅认为生养和托举都不算恩，因为“恩”字意味着欠债和报偿，会毁掉亲情。｜“隐形家庭账本”：“隐形家庭账本”导致家人之间互相对账、索偿，孩子会产生愧疚感，而不是感恩。｜真正的爱：真正的爱是放孩子到宽阔光明的地方去，不需要孩子回来感谢。｜如何区分爱与控制：通过观察自己在父母面前的状态，可以区分爱与控制。｜结语：爱不应是一笔账，要停止内疚，守住自己的边界。","抖音公开合集接口","章节摘要为平台自动生成，非完整逐字稿"
"36","7650820361054883106","https://www.douyin.com/video/7650820361054883106","2026-06-13 18:10:35","343.6","15956","122","6596","1997","41.34","12.52","B_1万-5万","段永平：“本分”的复利：以“不为”赢大半辈子的反直觉商业哲学 #段永平 #财富思维 #认知边界 #如果说","段永平的商业哲学强调坚持做对的事情，避免错误，追求可重复性和确定性。他认为成功并非取决于努力，而是在于选择正确的道路并坚持下去。他的投资策略注重长期价值，避免短期波动，通过排除法和专注力实现财富增长。","引言：｜及时止损：段永平认为永不放弃只对了一半，选择错误的路及时止损才是进步。｜拒绝快钱：段永平认为赚快钱是透支运气，能力是有逻辑支撑的，无法重复的快钱本质上是一场跟未来的借贷。｜慢的智慧：步步高每年只用三四成力气发展利润，多出来的精力去建生产线稳供应链，给经销商让利，这种慢是一种武器。｜不设目标：段永平认为设定目标和KPI可能是件蠢事，真正的赢家是用少犯错的确定性去对冲市场的不确定性。｜坚持的本质：段永平认为坚持的本质是对终点有了100%的确认感，路上的所有波折都不会让你失望。｜排除法：段永平整个人生哲学里最底层的东西是成功靠的是排除法，他守着三条死线，不做空、不借钱、不懂不碰。","抖音公开合集接口","章节摘要为平台自动生成，非完整逐字稿"
"37","7651189369163894043","https://www.douyin.com/video/7651189369163894043","2026-06-14 18:02:34","290.4","64894","345","21897","7816","33.74","12.04","A_5万-10万","知道心邪者多疑的下一句吗？心邪者多疑，量小者易怒，才疏者好辩 志短者长怨#认知 #古代智慧 #史记 #道德经 #如果说","心邪者多疑、量小者易怒、才疏者好辩、志短者常怨这四句话揭示了一个人内心格局对其行为和命运的影响。项羽作为一个典型的例子，展示了这些特点如何导致他的失败。我们应该认识到自己身上的这些影子，努力提升格局，战胜自己。","引言：｜心邪者多疑：心邪者多疑，项羽因多疑失去范增，导致失败。｜量小者易怒：量小者易怒，项羽因量小失去人才，导致失败。｜才疏者好辩：才疏者好辩，项羽因好辩失去自我修正机会，导致失败。｜志短者常怨：志短者常怨，项羽因志短放弃自我，导致失败。｜结语：","抖音公开合集接口","章节摘要为平台自动生成，非完整逐字稿"
"38","7651567388554431763","https://www.douyin.com/video/7651567388554431763","2026-06-15 18:29:24","328.5","3091","22","1352","367","43.74","11.87","C_3000-1万","改运的本质：破除“倒果为因”，由外求转向内求 #改运 #人生感悟 #个人认知 #如果说","改运的本质是破除“倒果为因”，由外求转向内求。我们应该关注自己的成长和价值，而不是仅仅追求结果。通过反思自己的行为，我们可以逐渐建立起对自己的信任，从而改变命运。","引言：｜雕刻家的启示：雕刻家通过凿掉不属于大卫的部分，完成了伟大的作品，启示我们要凿掉身上挡路的部分。｜把果当成因：很多人把果当成因在追，应该把注意力从盯着果转移到培育""因""上面。｜感情中的过度补偿：健康的爱是个果，它的因是你这个人够不够完整，够不够独立，你自己爱不爱自己。｜具体做法：每天晚上问自己一个问题，我今天做的哪一件事是在种因还是在追果？","抖音公开合集接口","章节摘要为平台自动生成，非完整逐字稿"
"39","7652000331357883682","https://www.douyin.com/video/7652000331357883682","2026-06-16 22:29:40","300.2","3848","18","1466","424","38.1","11.02","C_3000-1万","天赋不会消失，消失的是那个心气 #天赋 #心气 #个人成长 #如果说","天赋不会消失，消失的是心气。心气是克服困难的动力，能让天赋发挥作用。心气的崩塌是一个缓慢渗透的过程，关键是要打破心里那些反正也不行的念头。要找回心气，需要从内部开始，从小到不可能失败的事情开始，逐渐挑战稍微有点难度的事，拿到结果，让“我可以”的声音越来越大。","引言：｜心气的重要性：心气是克服困难的动力，能让天赋发挥作用，心气充沛的人眼里有光，说话掷地有声，遇到问题第一反应是解决问题。｜心气的崩塌：斯坦福大学心理学家德威克的实验表明，一个人真正垮掉是因为开始相信失败证明了自己有问题，这种逻辑一旦形成就很难停下来。心气的崩塌是一个缓慢渗透的过程，关键是要打破心里那些反正也不行的念头。｜找回心气的方法：心气的重建必须从内部开始，从小到不可能失败的事情开始，慢慢积累，让心里的火种不灭，逐渐挑战稍微有点难度的事，拿到结果，让“我可以”的声音越来越大。","抖音公开合集接口","章节摘要为平台自动生成，非完整逐字稿"
"40","7652356227367767338","https://www.douyin.com/video/7652356227367767338","2026-06-17 21:30:33","336.1","13011","117","5968","1877","45.87","14.43","B_1万-5万","真正厉害的人，都懂得：慢慢来。事缓则圆，人缓则安，语迟则贵 #焦虑 #人间清醒 #思考 #如果说","真正厉害的人懂得慢慢来，事缓则圆，人缓则安，语迟则贵。他们避免急于求成，而是给自己留出思考和调整的空间。在处理事情和情绪时，他们保持冷静，不被焦虑左右，注重过程而非结果。通过这种方式，他们能够做出更明智的决策，说出更有分量的话，走出更稳的人生道路。","引言：｜急于求成的代价：认知闭合需求高的人决策质量差，焦虑会伪装成紧迫感，让人做出错误判断。｜慢的真正含义：慢是一种主动的节奏感，给自己留出发酵期，让大脑在放松状态下工作。｜情绪管理：情绪激烈时避免做涉及人的决定，重要事情睡一觉再说，与钱有关的事缓一缓。｜语迟则贵：说话前默数3秒，确认是解决问题还是发泄情绪，说话留有余地。｜慢与结果的关系：慢是关注过程，每天进步一点点，扎实积累，结果自然会出现。｜结语：慢慢来是为了做出更好的判断，说出更有分量的话，走出更稳的每一步。","抖音公开合集接口","章节摘要为平台自动生成，非完整逐字稿"
"41","7652699613761228083","https://www.douyin.com/video/7652699613761228083","2026-06-18 19:43:05","572.4","117631","1282","41681","13809","35.43","11.74","S_10万+","什么才是真正的胜败荣辱绝学 #国学智慧 #独立思考 #止学 #如果说","《止学》是一本揭示成功人士底层逻辑的书籍，强调知止的重要性。书中指出，真正的强者懂得在关键时刻停下来，避免过度自信、贪婪和冲动。通过克制欲望、完善德行，达到止于至善的境界，才能在人生道路上走得更远。","引言：｜智卷：聪明是双刃剑，真正有智慧的人不担心谋略不够，只担心德行有失。｜用势卷：顺势而为，在乘风起势之时保持清醒，知道什么时候该下车。｜利卷：欲望没有终点，真正有大智慧的人知道自己能装多少不该碰的东西。｜辩卷：话说出去就是泼出去的水，给别人留面子，给自己留退路。｜誉卷：名誉难以成事却能坏事，过度追求名誉会变成成功路上的绊脚石。｜情卷：世间所有事情凡是不顺的几乎都能追溯到情这个字，要控制在一个合理的范围内。｜蹇卷：把困境转化为顺境，懂得尊重客观规律，适时调整心态。｜释怨卷：仇恨只会降低你的智商，真正的回击是无视他，按自己的节奏把自己做好。｜心卷：你的心境决定你的人生，懂得见好就收的人往往能落袋为安。","抖音公开合集接口","章节摘要为平台自动生成，非完整逐字稿"
"42","7653052955993656628","https://www.douyin.com/video/7653052955993656628","2026-06-19 18:34:14","420.4","82234","480","40710","7194","49.51","8.75","A_5万-10万","如何在没正反馈时坚持？ #执行力 #坚持 #个人成长 #如果说","在缺乏正反馈时坚持的方法，强调了信息的重要性。苏轼的例子表明，即使在困难时期，坚持和积累信息仍然至关重要。大脑的预测误差信号中断机制可能导致放弃，但通过稳健控制模型，我们可以保持稳定节奏，关注信息积累，而不是结果。只要系统在运转，胜利只是时间问题。","引言：｜苏轼的例子：苏轼在儋州遭受挫折，但他坚持写作和研究，最终取得成就。｜信息与正反馈：正反馈是高质量信息输入，现实世界信息传递有滞后性。｜大脑的机制：大脑倾向于接受及时验证的信息，预测误差信号中断会导致放弃。｜过度补偿的风险：过度补偿会导致系统震荡，消耗意志力，最终导致失败。｜稳健控制模型：稳健控制模型强调保持稳定节奏，关注信息积累，而非结果。","抖音公开合集接口","章节摘要为平台自动生成，非完整逐字稿"
"43","7653429133493439786","https://www.douyin.com/video/7653429133493439786","2026-06-20 18:54:01","382.9","36395","420","12761","4131","35.06","11.35","B_1万-5万","心不死道不生，想觉醒1%靠别人提醒，99%靠千刀万剐 #国学文化 #心学 #认知 #如果说","心不死道不生，真正的觉醒需要经历痛苦和挫折。在绝境中，人们会看清人情世故和世界真相，意识到任何感情都不是无条件的。真正改变的人会停下来面对痛苦，承认自己无法控制一切，从而开始向内找答案。接受人性的常态，不再指望别人，重建信仰体系，关注自己内心的声音，才能走出低谷，开始真正的生活。","引言：｜绝境的启示：绝境会让人看清人情世故和世界真相，任何感情都不是无条件的，社交关系的底层逻辑是价值交换。｜认知失调与逃避：认知失调会让人逃避问题，问题会越积越深。｜面对痛苦与觉醒：真正改变的人会停下来面对痛苦，承认自己无法控制一切，从而开始向内找答案。｜林黛玉的清醒：林黛玉是红楼梦中最清醒的人，她的清醒是被逼出来的。｜归因的重要性：同样遭遇绝境，有人越挫越清醒，有人却越陷越深，差别在于归因。｜接受人性的常态：接受人性的常态，不再指望别人，怨恨会慢慢松开。｜重建信仰体系：重建信仰体系，关注自己内心的声音。｜结语：苦难本身不值得庆幸，改变取决于在痛苦中的选择。","抖音公开合集接口","章节摘要为平台自动生成，非完整逐字稿"
"44","7653813315168259334","https://www.douyin.com/video/7653813315168259334","2026-06-21 19:44:51","448.2","4803","184","1560","715","32.48","14.89","C_3000-1万","为什么算命先生能算准你的人生？云谷禅师一句话，戳破了所有凡夫 的遮羞布#传统文化 #命数 #人生感悟 #认知 #如果说","云谷禅师认为命由我作，通过改变念头和行为可以改变命运。袁了凡的故事证明了这一点，他通过做三千件好事改变了自己的命运。心理学研究也表明，持续做小事可以改变自我认知，从而改变行为和选择。因此，我们应该努力改变自己，而不是相信命运是注定的。","引言：｜袁了凡的故事：袁了凡遇到算命先生，被算出一生轨迹，后因命运已定而放弃努力，直到遇到云谷禅师。｜行为惯性：算命先生算准的是人的行为模式，因为人的行为大多是重复过去的模式。｜命由我作：云谷禅师认为命由我作，通过改变念头和行为可以改变命运。｜自我效能感：袁了凡通过做三千件好事改变了自己，自我效能感实验也证明了这一点。｜结语：改变认知可以改变命运，命运是由自己的选择叠出来的。","抖音公开合集接口","章节摘要为平台自动生成，非完整逐字稿"
"45","7654183060182682890","https://www.douyin.com/video/7654183060182682890","2026-06-22 19:39:33","470.3","228503","1304","116752","28931","51.09","12.66","S_10万+","为什么你越想越心烦？道门114字冰心诀，专治现代人的精神内耗 #道家 #静心 #认知 #修心修行 #如果说","道门冰心诀是一种帮助人们静心的方法，共有114个字。通过默念这些口诀，可以帮助人们在面对烦恼时保持冷静，放下执念，扩大视野，找到内心的平静。口诀强调平时养定心境，不受外界干扰，在变化中找平衡，投入当下，放下不重要的事情，从而达到逍遥的境界。","引言：｜心若冰清，天塌不惊：心若冰清，天塌不惊，强调平时养定心境，而非事到临头硬撑。｜万变犹定，神怡气静：万变犹定，神怡气静，保持内心定点，不受外界干扰。｜尘垢不沾，俗相不染：尘垢不沾，俗相不染，虚空凝密，浑然无物，放下烦恼，扩大视野。｜无有相生，难易相成：无有相生，难易相成，在变化中找平衡，避免内耗。｜份与物忘，同乎浑涅：份与物忘，同乎浑涅，天地无涯，万物齐一，飞花落叶，虚怀若谷，投入当下，物我两忘。｜水流心不惊，云在意俱迟：水流心不惊，云在意俱迟，保持柔软和顺势，不被困住。｜千般烦忧，才下心头：千般烦忧，才下心头，先放下烦恼，再清明头脑。｜心无挂碍，一无所知：心无挂碍，一无所知，放下执念，清空内心。｜一心不坠物，古今自逍遥：一心不坠物，古今自逍遥，明确目标，放下不重要的事情。","抖音公开合集接口","章节摘要为平台自动生成，非完整逐字稿"
"46","7654536155693649202","https://www.douyin.com/video/7654536155693649202","2026-06-23 18:29:45","259.5","2026","23","962","253","47.48","12.49","D_3000以下","为什么普通人很难打破业力循环？ 为什么努力没有结果？ #业力 #行动 #付出 #如果说","业力并非外在的力量，而是人们对自己处境的解释方式。业力的本质是过去行为积累的惯性，影响着我们的选择。努力和行动往往只是为了缓解痛苦，而没有真正改变业力。要打破业力循环，我们需要重新理解行动的价值，将其视为采集认知的过程，逐渐看清与目标的距离，从而超越业力。","引言：业力是人们对自己处境的解释方式，解释的动作本身就是业力在起作用。｜业力的本质：业力是过去行为积累的惯性，是行为强化回路，重复的行为会自动触发。｜努力与行动的误区：努力和行动往往只是为了缓解痛苦，而没有消解业力。｜行动的真正价值：行动的价值在于生产认知，通过行动采集认知，逐渐磨薄业力。｜结语：普通人难以打破业力循环是因为没有看清与目标的距离，没有把行动当成了解距离的工具。","抖音公开合集接口","章节摘要为平台自动生成，非完整逐字稿"
"47","7654924170920283407","https://www.douyin.com/video/7654924170920283407","2026-06-24 19:35:32","337.8","6639","55","2838","696","42.75","10.48","C_3000-1万","如何克服内心的空虚感？ #空虚 #迷茫 #提升自己 #如果说","如何克服内心的空虚感？首先要认识到空虚感是成长的开始，它源于对当下自己的不认同。空虚感有三种形态，根源是缺乏愿力。要找到愿力，需明确自己的目标和意义。掌控早晨，提前起床思考，给自己一段不被打扰的时间，明确今天的目标。创作作品，发挥自己的潜能，实现自我，找到位置感，对抗空虚。","引言：｜空虚感的来源：成年后，人生轨道消失，需要自己做主，空虚感由此产生。｜空虚的形态与愿力：空虚有三种形态，根源是没有愿力，愿力是让你甘愿吃苦的驱动力。｜找到愿力的方法：通过问自己“我是谁”“我真正想成为什么样的人”“我愿意为什么事情承受痛苦”，找到愿力并赋予意义。｜掌控早晨：掌控早晨，提前起床思考，给自己一段不被打扰的时间，明确今天的目标。｜创作作品：创作作品，发挥自己的潜能，实现自我，找到位置感，对抗空虚。｜结语：","抖音公开合集接口","章节摘要为平台自动生成，非完整逐字稿"
"48","7655286121772993844","https://www.douyin.com/video/7655286121772993844","2026-06-25 19:00:06","251.5","95524","619","35448","13770","37.11","14.42","A_5万-10万","为什么真正厉害的人不显摆？因为他们都懂的大象无形 #道德经 #传统文化 #认知思考 #如果说","真正厉害的人不显摆，因为他们懂得大象无形的道理。大象无形是指内心合道无情无名，无有所显。真正值钱的东西不需要靠显，而是靠内在的实力。要做到大象无形，需要消化掉内在撑出来的东西，意识到这一点就是开始。","引言：｜大象无形的含义：大象无形是指内心合道无情无名，无有所显。｜内敛的力量：内敛不是压抑，是内在没有需要向外证明的东西，自然就不往外显。｜真正的气场：真正的气场是内在有东西，不需要吆喝，靠显的往往是因为底气不够足。｜反面例子：刚升职的人喜欢展示能力，但被认为太端着，因为他没有驾驭住这个职位。｜曾国藩的蜕变：曾国藩通过读道德经，化掉了显出来的东西，变得稳。｜操作路径：真正的操作路径是消化掉内在撑出来的东西，意识到这一点就是开始。｜结语：大象无形是象太大，不需要用言语、行为和外在去证明。","抖音公开合集接口","章节摘要为平台自动生成，非完整逐字稿"
"49","7655679512360881448","https://www.douyin.com/video/7655679512360881448","2026-06-26 20:26:40","370.6","18869","157","7060","1948","37.42","10.32","B_1万-5万","为什么穷人越穷，富人越富？ #国学文化 #道德经 #认知提升 #如果说","《道德经》中的“天之道损有余而补不足，人之道则不然，损不足以奉有余”揭示了世界运行法则和人性社会的生存之道。在人类社会中，强者通吃，弱者更弱。要打破这种规律，个人需承认现实，展示自己，积累资源，低调做人；管理者需在人道机制中嵌入天道平衡逻辑，设计规则，让系统自己运转。天道和人道需同时理解和运用，才能实现改变。","引言：｜天之道：天之道追求平衡，强的被削弱，弱的被补足。｜人之道：人之道是损不足以奉有余，优势在自我复制，系统本身的运行就在剥削弱势，奖励强势。｜打破规律：承认规律，展示自己，积累资源，低调做人。｜管理者的解法：管理者需在人道机制里嵌入天道平衡逻辑，设计规则，让系统自己运转。｜结语：","抖音公开合集接口","章节摘要为平台自动生成，非完整逐字稿"
"50","7656051023496236328","https://www.douyin.com/video/7656051023496236328","2026-06-27 20:28:22","330.8","12644","91","4725","1141","37.37","9.02","B_1万-5万","为什么“顺其自然”根本不是躺平，反而是世上效率极高的活法？ #道德经 #无为 #认知思考 #如果说","“顺其自然”并非躺平，而是一种高效的活法。真正的无为是先停止内耗，接受不可控因素，然后踏实地去做。苏轼的故事表明，当我们不再与命运死磕，而是专注于眼前的事情时，我们的力量才能得到更有效的发挥。无为与有为相结合，才能实现真正的高效。","引言：｜屠龙术的故事：楚国屠龙者学屠龙术，却发现世上无龙，比喻人们在无法掌控的事情上浪费精力。｜无为的真正含义：无为不是躺平，而是先停止内耗，再找到最省力的路。｜接受不可控因素：接受不可控因素，把力气用在能控制的地方，才能做到无为。｜苏轼的例子：苏轼接受被贬事实，踏实地做实事，文章反而写得更好。｜无为与有为的结合：无为与有为结合，内心稳守上动，才能高效做事。","抖音公开合集接口","章节摘要为平台自动生成，非完整逐字稿"
"51","7656428018444881193","https://www.douyin.com/video/7656428018444881193","2026-06-28 20:51:17","315.5","71491","1076","27522","10095","38.5","14.12","A_5万-10万","斩三尸：斩善之无善，斩恶之正恶，斩我之非我 #道德经 #三尸 #斩三尸 #认知 #如果说","斩三尸并非消灭善、恶和自我，而是摆脱对它们的执着。善尸是被自我绑架的善，恶尸是欲望失控的状态，自我尸是对固定的我的执着。斩三尸是一个提纯的过程，旨在帮助我们回归自然、驾驭欲望、摆脱执念，成为真正自由的人。","引言：｜善尸：善尸是被自我绑架的善，斩善尸是斩掉“我在行善，所以你得配合我”的念头，剩下的是自然而然发生的善。｜恶尸：恶尸是欲望失控的状态，斩恶尸是斩掉欲望的失控，剩下的是驾驭欲望的自由。｜自我尸：自我尸是对固定的我的执着，斩自我尸是斩掉这些执念，剩下的是不再被情绪完全控制的自由。｜总结：斩三尸是提纯的过程，不是减法，是为了让你做一个真正自由的人。","抖音公开合集接口","章节摘要为平台自动生成，非完整逐字稿"
"52","7656767056066514191","https://www.douyin.com/video/7656767056066514191","2026-06-29 18:46:51","428.3","2681","21","998","341","37.22","12.72","D_3000以下","六句话让你想明白人生，做到心灵智慧的觉醒 #觉醒开悟 #自我提升 #人生感悟 #如果说","六句人生智慧的话，包括看清自己、独立思考、接纳、向内求、改变关系和接受结果。这些话旨在帮助人们在生活中更好地应对挑战，实现心灵智慧的觉醒。","引言：｜知人者智，自知者明：真正的强大是看清自己，通过元认知提高决策能力。｜只接收信息而不自己思考，...：独立思考能力是时代稀缺的东西，要学会自己思考。｜接纳是一种更深的力量：接纳是一种更深的力量，放下才能治愈自己。｜君子求诸己，小人求诸人：成熟的人向内求，不要对别人有不切实际的期待。｜攻城为下，攻心为上：改变自己和事情的关系，接受别人的不同。｜尽人事，听天命：尽人事，听天命，在过程中全力以赴，接受任何结果。｜结语：","抖音公开合集接口","章节摘要为平台自动生成，非完整逐字稿"
"53","7657140857685986602","https://www.douyin.com/video/7657140857685986602","2026-06-30 18:57:24","335.7","7332","88","2770","930","37.78","12.68","C_3000-1万","世间真正可怕的人，从不与人争 #国学文化 #道德经 #认知 #如果说","《道德经》中的“夫唯不争，故天下莫能与之争”强调了不争的智慧。通过历史故事和现实场景，解释了不争的两个层次：不与规律较劲和不与普通人争眼前小利。建议在遇到争论时，先停顿思考，判断事情是否重要，避免无意义的内耗。不争并非压抑自己，而是在看清局面后再决定是否出手。","引言：不回应负能量，避免纠缠和损耗，遵循《道德经》中“夫唯不争，故天下莫能与之争”的原则。｜娄师德的故事：唐朝宰相娄师德教导弟弟不与他人争，避免情绪反应，保持冷静。｜不争的智慧：不争是一种智慧，避免与他人争论，专注于做好事情，积蓄能量。｜不争的两个层次：不争分为不与规律较劲和不与普通人争眼前小利两个层次。｜实用判断标准：遇到争论场景时，先停顿思考，判断事情是否重要，避免无意义的内耗。｜结语：不争并非压抑自己或做老好人，而是看清局面后再决定是否出手。","抖音公开合集接口","章节摘要为平台自动生成，非完整逐字稿"
"54","7657547366643272986","https://www.douyin.com/video/7657547366643272986","2026-07-01 21:14:54","329.1","16636","332","5504","1972","33.08","11.85","B_1万-5万","陈抟老祖心相篇，带你看清自己也是看清他人 #心相 #开窍 #改变 #揭秘 #如果说","道家陈抟老祖的心相篇揭示了一个人的行为和态度如何影响他的命运。通过分析各种行为的人的命运，我们可以明白相由心生的道理。心相篇提醒我们要反思自己的行为，知善守善，才能成为有福之人。","引言：｜看相的本质：看相是看心，相由心生，一个人的行为和态度决定了他的相。｜不同行为的人的命运：通过分析不同行为的人的命运，揭示了心相的重要性。｜结语：心相篇旨在让人反思自己，命运是由每天的选择积累而成的。","抖音公开合集接口","章节摘要为平台自动生成，非完整逐字稿"
"55","7657925270267006243","https://www.douyin.com/video/7657925270267006243","2026-07-02 21:41:19","284.3","29446","160","10430","3228","35.42","10.96","B_1万-5万","做人的最高境界 #悟道 #人生之道 #思考 #如果说","做人的最高境界是痛而不言、笑而不语、惊而不乱。痛而不言是勇者，能在痛苦中保持沉默，继续前行；笑而不语是智者，能管住嘴，不把所有的看法都说出来；惊而不乱是强者，能在突发情况下保持冷静，收集信息，解决问题。这三种品质代表了一个人的成熟度，是经历带来的，是每一次咬牙撑过去之后留下来的东西。","痛而不言：真正的勇者会在痛苦中保持沉默，把痛压下去然后继续往前走，而不是四处倾诉。｜笑而不语：笑而不语的人是智者，他们对人性有足够清醒的认知，能管住嘴，不把所有的看法都说出来。｜惊而不乱：惊而不乱的人是强者，遇到突发情况时，他们会先收集信息，切换到问题解决回路，保持冷静。｜结语：痛而不言、笑而不语、惊而不乱是一个人真正的成熟度，是经历带来的，是每一次咬牙撑过去之后留下来的东西。","抖音公开合集接口","章节摘要为平台自动生成，非完整逐字稿"
"56","7658266531562671412","https://www.douyin.com/video/7658266531562671412","2026-07-03 19:45:35","408.9","3765","34","1530","377","40.64","10.01","C_3000-1万","为什么老祖宗的十条人生总结，竟然没有一个字提到“努力”？ #人生经验 #前人智慧 #思考 #如果说",,"：","抖音公开合集接口","平台未返回章节摘要，需逐字稿"
"57","7658628033149930793","https://www.douyin.com/video/7658628033149930793","2026-07-04 19:08:22","678.3","18402","232","8402","2466","45.66","13.4","B_1万-5万","觉醒就是，一个一个地打破你曾经深信不疑的东西 #国学智慧 #人生感悟 #内修 #如果说","觉醒的过程是一个逐步打破曾经深信不疑的东西的过程。首先要破是非之相，认识到世界上没有绝对的真相；其次要破自我之相，放下别人的期待，战胜自己；接着要破文字之相，思考自己是否真的理解了所学的知识；再破关系之相，接受关系的阶段，活在缘分里；然后破情绪之相，意识到自己在情绪里，正视内心未处理好的东西；最后破时间之相，不要被年龄和时间限制，勇敢追求自己的梦想。觉醒就是在这个过程中不断接近真正的自己。","引言：觉醒的第一步是破相，不破不立。｜破是非之相：世界上没有绝对的真相，只有立场和视角，不要争论对错。｜破自我之相：真正的敌人是自己，要战胜心中的贼，放下别人的期待。｜破文字之相：书上的真理可能有局限，要思考自己是否真的想清楚了。｜破关系之相：真正的爱是不求回报的，接受关系的阶段，活在缘分里。｜破情绪之相：意识到自己在情绪里，看见情绪，正视内心未处理好的东西。｜破时间之相：不要被年龄和时间限制，勇敢追求自己的梦想。｜结语：觉醒是打破曾经深信不疑的东西，边走边破，离真正的自己更近。","抖音公开合集接口","章节摘要为平台自动生成，非完整逐字稿"
"58","7659021467580960010","https://www.douyin.com/video/7659021467580960010","2026-07-05 20:35:08","258.9","60998","998","16507","13520","27.06","22.16","A_5万-10万","如果一直没有遇到特别喜欢的人，那你已经进入了一种境界 #智者不入爱河 #情感 #禅悟人生 #如果说","智者不入爱河，因为真正成熟圆满的人内心不再匮乏。我们喜欢的人往往是我们内心缺失的东西的投影，而热烈的感情往往死得最快。内心不匮乏的人会真实地感受对方，而不是急着往对方身上套自己的期待。内心丰盈的标志是在没有任何人的时候依然能够平静，不需要靠感情证明自己的价值。","引言：｜“成心”与感情：庄子提出“成心”，认为人们看到的世界是自己内心的倒影，在感情中也是如此。｜匮乏与吸引：一个人越缺什么就越容易被什么吸引，这是匮乏在作祟。｜自我投射与感情：我们喜欢的人往往是我们内心缺失的东西的投影，在走进一段关系前要先弄清楚自己内心的缺口。｜镜像识别与感情：一见钟情可能是潜意识的镜像识别，热烈的感情往往死得最快。｜内心不匮乏的状态：内心不匮乏的人会真实地感受对方，而不是急着往对方身上套自己的期待。｜结语：内心丰盈的标志是在没有任何人的时候依然能够平静，不需要靠感情证明自己的价值。","抖音公开合集接口","章节摘要为平台自动生成，非完整逐字稿"
"59","7659382845609119016","https://www.douyin.com/video/7659382845609119016","2026-07-06 19:57:31","371.8","4075","28","1773","423","43.51","10.38","C_3000-1万","“强”是脆弱之源，“弱”才是方法论 #国学文化 #道德经 #独立思考 #如果说","道德经中的“弱者道之用”揭示了一个颠覆常规认知的秘密：在人生这场游戏中，真正的赢家并非努力拼搏、追求第一，而是懂得如何理解和运用弱。弱并非认输，而是一种更高维度的赢法，如水的不争、无形和恒久。学会用弱，保持能力的多样性和心态的开放性，才能在这个反向的世界里持续运转。","引言：｜水的不争：水往低处流，不争高下，滋养格局，扩大容量。｜水的无形：水无常形，适应各种环境，不给自己设限。｜水的恒久：水滴石穿，持续做同一件事，不在乎慢，只在乎一直在。｜强的局限：物壮则老，强是一个点，弱是一张网，保持能力多样性和心态开放性。｜山谷的姿态：虚怀若谷，接纳各种想法和建议，心胸深广。｜随顺：顺其自然，不与已发生的事情较劲，把能量用在找出口。｜强弱的运用：强和弱是工具，该强则强，该弱则弱，以强护弱，以弱御强。","抖音公开合集接口","章节摘要为平台自动生成，非完整逐字稿"
"60","7659780318336929065","https://www.douyin.com/video/7659780318336929065","2026-07-07 21:39:53","281.3","73566","692","28865","16566","39.24","22.52","A_5万-10万","清醒自知，从容自在，心有山海，静而不争 #人生境界 #独立思考 #思维格局 #如果说","《天道》中提到，人分为低、中、高三个境界：低境界的人活在情绪里，中境界的人活在价值里，高境界的人活在规律里。活在情绪里的人容易被情绪左右，活在价值里的人专注于提升能力和创造价值，而活在规律里的人则看透现象背后的逻辑，知道什么是真正重要的。要成为一个活得清醒的人，需要学会不困于情绪，不迷于表象，让心掌舵。","引言：｜低境界：低境界的人活在情绪里，容易被情绪左右，导致人生混乱。｜中境界：中境界的人活在价值里，学会放下内耗，专注于提升能力和创造价值。｜高境界：高境界的人活在规律里，看透现象背后的逻辑，知道什么是真正重要的。｜总结：真正活得清醒的人不困于情绪，不迷于表象，知道自己的方向。","抖音公开合集接口","章节摘要为平台自动生成，非完整逐字稿"
"61","7660122335013276971","https://www.douyin.com/video/7660122335013276971","2026-07-08 19:47:03","327.8","5888","62","3081","975","52.33","16.56","C_3000-1万","当下即终局，不要把自己困在结果里 #国学文化 #道德经 #思考认知 #如果说","道德经第64章强调当下即终局，我们应摆脱进度条的幻觉，关注当下的每一个动作。真正聪明的人会在事情最微小的时候出手，踏实地打磨自己，而不是急于追求结果。圣人顺应事物的本性，不执着于名利，始终保持初心。我们应该学会享受过程，做好每一个基本动作，而不是为了达到某个目标而焦虑。","引言：｜进度条的幻觉：我们脑子里天然存在一个进度条的概念，导致我们焦虑。｜当下即终局：当下即终局，我们做的每一件事都已经包含了未来的结果。｜掌控当下：掌控当下，关注微小动作，避免功利心和执念。｜圣人的智慧：圣人顺应事物本性，不执着于结果，始终保持初心。｜结语：不追求世俗欲望，回归本质，做好基本动作，享受过程。","抖音公开合集接口","章节摘要为平台自动生成，非完整逐字稿"
"62","7660468197740596532","https://www.douyin.com/video/7660468197740596532","2026-07-09 18:09:09","299.9","59185","415","31304","6890","52.89","11.64","A_5万-10万","修习内求的三个心法：内观，内守，内定 #独立思考 #成长之路 #向内求 #如果说","向内求是一种能提升人生的能力，包括内观、内守和内定。内观是收回关注外界的目光，专注于自己；内守是放下对外界的期待，珍惜拥有的；内定是通过专注于一件事，让内心平静，听到内心的声音。这三件事本质上是一件事，即把心力从向外耗散收回到向内积累，专注于自己的事情，从而走出属于自己的路。","引言：｜向内求的思想来源：六祖慧能的偈子“菩提本无树，明镜亦非台。本来无一物，何处惹尘埃”，表达了向内求的思想。｜内观：内观是把看世界的眼光收回来，避免过度关注别人，保持专注。｜内守：内守是放下对外界的期待，珍惜手中拥有的，降低阻力。｜内定：内定是通过专注于一件事，让内心平静，听到内心真正的声音。｜总结：内观、内守、内定是一件事，把心力从向外耗散收回到向内积累，专注于自己的事情。","抖音公开合集接口","章节摘要为平台自动生成，非完整逐字稿"
"63","7660896909606849807","https://www.douyin.com/video/7660896909606849807","2026-07-10 21:52:55","383.8","33155","380","13856","4502","41.79","13.58","B_1万-5万","为什么说“慕强”只是人生的最低级阶段？真正走到最后的人，都在 慕空#认知思考 #道德经 #开悟 #精选计划 #如果说","人生的四个阶段：弱时慕强、强时慕争、争时慕绝、绝时慕空。每个阶段都有不同的追求和挑战，从追求力量到追求规律，再到追求觉悟和留白。人的成长是一路向内走，放下的越多，生命反而越辽阔。","引言：｜弱时慕强：弱时慕强是本能，商鞅变法失败说明强不是终点。｜强时慕真：强时慕真，懂得规律的人会在某个时间点主动做减法，为下一次增长腾出空间。｜真时慕觉：争时慕绝，心空才能正，心正才能看见事情的本来面目。｜觉时慕空：觉时慕空，放下执念，心不再向外攀附，反而看见了更大的东西。｜结语：人的成长是一路向内走，放下的越多，生命越辽阔。","抖音公开合集接口","章节摘要为平台自动生成，非完整逐字稿"
"64","7661179181669092642","https://www.douyin.com/video/7661179181669092642","2026-07-11 18:10:00","308","58390","393","24299","7073","41.62","12.11","A_5万-10万","一个人见过世面最好的状态就是挫其锐，解其纷，和其光，同其尘 #道德经 #和光同尘 #认知 #独立思考 #如果说","见过世面的人最好的状态是和光同尘，这需要经历挫其锐、解其纷、和其光、同其尘四个过程。挫其锐是收起锋芒，避免攻击性；解其纷是理解他人，找到矛盾的根源；和其光是让别人发光，发挥他们的价值；同其尘是尊重不同的爱好和观点，避免鄙视链。通过这些过程，我们可以成为光本身，照亮自己，温暖别人，融入任何一束光，接纳任何一粒尘。","引言：｜挫其锐：真正聪明的人会低调行事，避免锋芒毕露，以免引起他人的敌意。｜解其纷：解纷需要理解对方，找到矛盾的根源，避免争论对错，而是寻求双方都能接受的解决方案。｜和其光：和其光是让别人发光，发挥他们的价值，而不是廉价的拍马屁。｜同其尘：同其尘是尊重不同的爱好和观点，避免鄙视链，理解高雅和通俗的相对性。｜总结：和光同尘是剥掉自我，成为光本身，照亮自己，温暖别人，融入任何一束光，接纳任何一粒尘。","抖音公开合集接口","章节摘要为平台自动生成，非完整逐字稿"
"65","7661605040515321138","https://www.douyin.com/video/7661605040515321138","2026-07-12 19:40:43","338.7","5129","44","2136","569","41.65","11.09","C_3000-1万","怎么做到永远不生气，对事量权，对人揣情 #鬼谷子 #中国古代 #认知提升 #如果说","鬼谷子认为，要做到永远不生气，需要学会量权和揣情。量权是处理客观事情，不被情绪左右；揣情是琢磨人心，了解对方的真实想法。真正能把事办成的人，需要拿捏这两套尺子，对着事情看形势，对着人顺着对方的劲说话。然而，最难的是放下“我是对的”这个执念，看清自己的内心。","引言：鬼谷子认为人是情绪、欲望和恐惧的集合，真正能把事做成的人，脑子里装着量权和揣情。｜量权：量权是处理客观事情，与情绪无关，只关乎规律和逻辑。｜揣情：揣情是琢磨人心，人的理性不是用来做决定的，而是替心里早就定好的答案找解释。｜结语：鬼谷子的学问核心是让你先把自己看明白，看清自己，才是揣情最深的那一层。","抖音公开合集接口","章节摘要为平台自动生成，非完整逐字稿"
